User ID,First Name,Last Name,Version,Insurance Company
2885,Hermione,Pelagias,4,Centene
9708,Magdalena,Christal,3,Centene
6071,Modestia,Hirsch,2,Centene
9095,Betta,Romelda,3,Kaiser Permanente
7809,Ardys,Hollingsworth,3,UnitedHealth Group
2509,Rubie,Ethban,3,UnitedHealth Group
3055,Florie,Wandie,3,UnitedHealth Group
8730,Roslyn,Yate,2,UnitedHealth Group
6647,Evita,Truc,4,Centene
2285,Lauryn,Gaynor,3,Centene
1067,Ardeen,Faro,2,Centene
3431,Valli,Nelsen,4,Centene
9589,Dede,Giule,3,Kaiser Permanente
6724,Amii,Madox,1,UnitedHealth Group
7651,Chloris,Junie,1,UnitedHealth Group
3171,Brietta,Johnsson,3,Kaiser Permanente
2670,Carolina,Erlandson,3,Anthem
3394,Therine,Liebermann,3,Anthem
9777,Beverley,Erlandson,3,Kaiser Permanente
8199,Berta,Bates,3,Anthem
7197,Jeanna,Buckler,4,Centene
6178,Celisse,Raul,1,Anthem
2583,Darci,Dudley,2,Anthem
7581,Sue,Gaynor,3,UnitedHealth Group
8309,Shannah,Schonfeld,3,Anthem
8211,Beverley,Anton,2,Anthem
4775,Agnese,Vary,2,Centene
3218,Mary,Schroth,2,Centene
8570,Tierney,Medrek,3,Anthem
8838,Yolane,Yam,2,Kaiser Permanente
7110,Orsola,Ade,2,UnitedHealth Group
5921,Beatriz,Telfer,1,Centene
8049,Sibella,Tillford,3,Anthem
1457,Violet,Erich,2,Centene
1168,Elise,Schonfeld,3,UnitedHealth Group
1168,Juliane,Barbey,4,Centene
2124,Dianemarie,Nea,2,UnitedHealth Group
4918,Lorne,Danby,4,Centene
2635,Tobe,Dituri,3,Anthem
3749,Madeleine,Ioab,2,UnitedHealth Group
5481,Clary,Bivins,1,Anthem
2478,Ernesta,Land,3,Kaiser Permanente
3297,Constance,Fax,4,Kaiser Permanente
4505,Brianna,Zeeba,2,Anthem
9258,Teddie,Decato,2,Centene
7931,Annaliese,Docilla,4,Kaiser Permanente
3138,Aeriela,Rillings,4,Kaiser Permanente
9196,Estell,Pip,3,UnitedHealth Group
2175,Trixi,Halsey,2,Anthem
2704,Miquela,Voletta,1,UnitedHealth Group
8611,Gabi,Nikaniki,2,Anthem
9245,Leontine,Infield,2,Kaiser Permanente
4862,Dotty,Soneson,3,Kaiser Permanente
1959,Dale,Maroney,4,Kaiser Permanente
2204,Emilia,Ricki,2,Anthem
2922,Fernande,Janith,3,Kaiser Permanente
9300,Raquela,Regan,4,UnitedHealth Group
5040,Angelique,Bouchard,4,Anthem
5705,Bill,Koehler,3,Kaiser Permanente
9973,Lucy,Kronfeld,3,Centene
5077,Melisent,Killigrew,2,UnitedHealth Group
9253,Blondelle,Kimmie,2,Centene
4296,Tobe,Georas,1,Anthem
8431,Sherrie,Socha,1,UnitedHealth Group
5441,Robbi,Drus,2,Kaiser Permanente
2497,Edee,Voletta,2,Anthem
3594,Rhea,Kristi,3,Kaiser Permanente
4406,Jorry,Monaco,4,UnitedHealth Group
5937,Nickie,Leary,1,Kaiser Permanente
8078,Bee,Ethban,3,Centene
4566,Edyth,Wesle,2,Anthem
5877,Ronna,Thema,3,Centene
9691,Zsa Zsa,Fosque,1,Anthem
9529,Kristina,Hessler,4,Kaiser Permanente
5632,Alyda,Rocray,3,Centene
6852,Julieta,Bari,2,Kaiser Permanente
7692,Brianna,Graig,2,Kaiser Permanente
7154,Bee,Vharat,2,Kaiser Permanente
7943,Ida,Kolnick,1,Centene
3620,Gilda,Carleen,3,Anthem
9150,Ada,Melleta,1,UnitedHealth Group
3112,Merrie,Zachary,1,Kaiser Permanente
3790,Raquela,Tengdin,3,Anthem
9587,Georgetta,Liva,4,UnitedHealth Group
4671,Myriam,Atcliffe,3,Kaiser Permanente
9275,Judy,Thornburg,1,Centene
8164,Noelle,Pattin,1,UnitedHealth Group
9870,Eve,Lanita,4,Anthem
8056,Willetta,Madelene,2,UnitedHealth Group
5276,Arlina,Sophronia,3,Centene
6768,Edyth,Wiener,2,UnitedHealth Group
8272,Deane,Kellby,2,Kaiser Permanente
8123,Cyb,McCutcheon,2,UnitedHealth Group
7237,Ursulina,Madaih,4,UnitedHealth Group
4688,Valera,Mathilde,3,Kaiser Permanente
6670,Genevra,Swanhildas,4,UnitedHealth Group
2272,Randa,Leonard,3,Kaiser Permanente
2133,Darlleen,Brandice,2,Kaiser Permanente
7673,Ginnie,Wildermuth,3,Anthem
8701,Verla,Kendrick,2,Kaiser Permanente
3715,Steffane,Martsen,3,Centene
7282,Carmela,Waite,3,Anthem
5736,Mady,Bevin,2,Anthem
5755,Nickie,Maryanne,4,UnitedHealth Group
2734,Tabbatha,Rocray,2,Kaiser Permanente
8176,Krystle,Karylin,2,UnitedHealth Group
7793,Orelia,Saint,2,Anthem
7654,Heddie,Wildermuth,4,Centene
2543,Nanete,Rosalba,4,Kaiser Permanente
1031,Odessa,Longfellow,2,UnitedHealth Group
3346,Peri,Sibyls,3,Anthem
5989,Pierette,August,3,Anthem
6937,Kathi,Thornburg,2,Centene
8525,Jany,Brotherson,1,Centene
5112,Annecorinne,Buttaro,4,Kaiser Permanente
1406,Marjie,Glenden,4,UnitedHealth Group
9508,Lorenza,Brackely,2,Centene
1565,Tilly,Vastah,4,Kaiser Permanente
8313,Libbie,Modie,3,Centene
8490,Renie,Tamar,2,Centene
1940,Brynna,Curren,1,Anthem
4515,Ebonee,Francyne,3,Kaiser Permanente
4729,Collen,Marsden,4,Anthem
7691,Korrie,Helfand,2,UnitedHealth Group
6743,Hannis,Alexandr,2,Anthem
7447,Roberta,Wolfgram,4,Centene
7956,Gloria,Romelda,3,Anthem
4820,Taffy,Rebecka,3,Anthem
8537,Georgina,Georgy,3,Centene
5851,Rosene,Ax,3,Anthem
7256,Loree,Fredi,1,Anthem
3854,Amelia,Rossner,4,Centene
1772,Kore,Sheng,2,UnitedHealth Group
5010,Ezmeralda,Honoria,3,Kaiser Permanente
1975,Ekaterina,Burch,4,UnitedHealth Group
8403,Beverley,Raul,4,Anthem
4542,Tersina,McAdams,4,Centene
9189,Laure,Lesley,1,Kaiser Permanente
7230,Camile,Chauncey,3,Anthem
3291,Phedra,Seligman,4,Anthem
1808,Tilly,Hutchison,3,UnitedHealth Group
3677,Roseline,Voletta,2,Kaiser Permanente
3476,Celisse,Yuille,4,Centene
7709,Cathyleen,Seligman,1,Kaiser Permanente
4095,Danika,Loeb,4,Anthem
2915,Edee,Ramona,1,UnitedHealth Group
8407,Andeee,Ogren,4,Anthem
7546,Di,Raul,4,Kaiser Permanente
5798,Ardenia,Eben,4,Kaiser Permanente
2243,Melina,Hunfredo,4,Anthem
3343,Melina,Ranjiv,2,Anthem
1396,Pamella,Dearborn,3,Centene
1158,Allis,Trinetta,3,Centene
6699,Jaime,Greenwald,2,Centene
8914,Ebonee,Aaberg,1,Anthem
4079,Cristine,Diogenes,2,Centene
2306,Paulita,O'Neill,3,Kaiser Permanente
5629,Helena,Pettiford,4,UnitedHealth Group
7361,Regina,Wilona,3,Centene
7753,Cordi,Karna,4,Kaiser Permanente
1813,Gwyneth,Eliathas,4,Anthem
5564,Desirae,Chesna,2,Centene
3066,Correy,Judye,4,Kaiser Permanente
6238,Orsola,McAdams,2,Centene
6056,Karly,Adore,1,Centene
3073,Hermione,Jenness,4,Anthem
1903,Kary,Noam,2,Anthem
1555,Elie,Selway,4,Kaiser Permanente
2868,Hermione,Sothena,4,Kaiser Permanente
2226,Coral,Sisile,2,Anthem
1856,Giustina,Fredi,2,UnitedHealth Group
7063,Jere,Nicoline,3,Kaiser Permanente
4099,Deedee,Wooster,3,Kaiser Permanente
5590,Iseabal,Kenney,3,Anthem
3463,Melanie,Rhu,4,Kaiser Permanente
4932,Fanchon,Kress,2,Kaiser Permanente
5225,Sherrie,Koehler,1,Kaiser Permanente
1705,Agnese,Kenney,3,Centene
9486,Britni,Deny,3,Centene
5573,Chrystel,Joni,4,UnitedHealth Group
2723,Silvana,Lacombe,1,UnitedHealth Group
9978,Donetta,Etom,1,Kaiser Permanente
5086,Louella,Cleo,4,Centene
2520,Gusty,Lattie,1,UnitedHealth Group
7935,Kathi,Donoghue,1,Kaiser Permanente
4544,Melina,Cynar,2,Anthem
4246,Sashenka,Stacy,3,Anthem
3375,Teddie,Ephrem,4,Centene
7440,Evita,Smitt,3,Centene
4764,Dorice,Aprile,2,Centene
3137,Dede,Ferrell,4,Kaiser Permanente
7907,Jobi,Georgy,3,Centene
6857,Hallie,Jary,4,Kaiser Permanente
7926,Averyl,Sikorski,1,Anthem
8702,Corry,Silvan,4,Kaiser Permanente
2581,Augustine,Vivle,4,UnitedHealth Group
5875,Valera,Vittoria,3,Kaiser Permanente
9909,Evaleen,Blase,4,UnitedHealth Group
4834,Lory,Urania,2,Centene
7811,Gilda,Lumbard,1,Centene
9385,Marleah,Hilbert,1,Centene
6769,Flory,Quent,2,Anthem
1248,Sabina,Wilona,3,UnitedHealth Group
2643,Wanda,Abram,2,UnitedHealth Group
8305,Lilith,Kalinda,1,Centene
5424,Adriana,Tannie,3,Kaiser Permanente
7176,Gertrud,Anis,1,Centene
7023,Lanna,McLaughlin,3,Kaiser Permanente
6748,Estell,Jena,1,Centene
3146,Amalie,Kolnick,4,Centene
3538,Aimil,Chinua,4,UnitedHealth Group
9244,Andree,Juliet,3,Kaiser Permanente
7012,Tatiania,Ambrosia,2,UnitedHealth Group
1066,Nessie,Fairweather,4,Anthem
3279,Mahalia,Tarrant,1,Anthem
3039,Codie,Roche,1,Kaiser Permanente
8292,Hermione,Melleta,3,Kaiser Permanente
6643,Katleen,Grayce,2,Centene
6701,Kimmy,Fredi,4,Anthem
5172,Ira,Riva,1,Centene
7068,Lusa,Cullin,3,Anthem
5405,Jemie,Holtz,3,Kaiser Permanente
3778,Kristina,MacIntosh,4,UnitedHealth Group
5421,Sheelagh,Craggie,3,Kaiser Permanente
9335,Edyth,Fink,1,Kaiser Permanente
6118,Ashlee,Liebermann,2,Anthem
3957,Taffy,Johanna,4,Centene
9467,Minne,Natica,4,Anthem
8434,Kenna,Pierette,2,Centene
9369,Georgetta,Ortrude,4,Kaiser Permanente
1902,Concettina,Presber,1,Kaiser Permanente
9912,Donnie,Bates,3,Centene
8739,Peri,Ulphia,4,UnitedHealth Group
1992,Berget,Zachary,2,Anthem
2109,Althea,Kermit,3,Anthem
3069,Siana,Cornelia,2,Kaiser Permanente
4738,Jennica,Hieronymus,1,Centene
9843,Bettine,Saunderson,1,Anthem
5021,Ashlee,Ricarda,2,Anthem
9124,Danny,Winnick,4,UnitedHealth Group
4287,Emylee,Bertold,2,Kaiser Permanente
8663,Karly,Israeli,4,Kaiser Permanente
1246,Brietta,Niccolo,3,Centene
6634,Nollie,Hedve,1,Centene
5969,Lila,Magnolia,1,Centene
3090,Sibella,Hunfredo,3,UnitedHealth Group
9920,Lusa,Rooney,1,Kaiser Permanente
8497,Moyna,Grimbly,3,UnitedHealth Group
9724,Tonia,Tayib,2,Centene
5285,Chere,Auberbach,4,Centene
1879,Fred,Seligman,1,Kaiser Permanente
5743,Deloria,Edmund,3,Centene
2456,Bernie,Reidar,2,Anthem
8973,Nariko,Karl,3,Anthem
5982,Linzy,Suzetta,1,Kaiser Permanente
9275,Tierney,Thunell,1,Anthem
3718,Theodora,Wenda,4,Anthem
3837,Chickie,Hirsch,2,Kaiser Permanente
7413,Meg,Moina,4,Centene
8755,Helena,Ludewig,3,Centene
8952,Clementine,Brieta,4,Kaiser Permanente
7246,Libbie,Niles,2,Anthem
5141,Kristina,Imelida,1,Anthem
6594,Valli,Nea,3,UnitedHealth Group
6108,Elora,Ashok,3,Centene
8816,Jennica,Redmond,3,Kaiser Permanente
4080,Ginnie,Rhu,1,Centene
3724,Margette,Reneta,4,Centene
9066,Wynne,Larochelle,3,UnitedHealth Group
4901,Lenna,Georgy,2,Centene
7535,Babita,Bollay,1,Anthem
9924,Jorry,Delila,1,UnitedHealth Group
5358,Peri,Tjon,4,Anthem
5004,Livvyy,Center,4,Centene
7364,Katharina,Schonfeld,4,UnitedHealth Group
9416,Ketti,Noelyn,3,Centene
5982,Lynde,Byrne,1,Centene
1192,Beth,Hirsch,1,Centene
9008,Yolane,Clywd,2,Centene
7296,Aurelie,Sammons,4,Centene
7959,Hayley,Cimbura,1,UnitedHealth Group
9065,Kristina,Ferrell,2,Centene
5099,Blondelle,Ambrosia,4,Centene
6658,Madeleine,Zina,3,Kaiser Permanente
5384,Jany,Schenck,2,Centene
1512,Queenie,Gahl,2,Anthem
2554,Dorothy,Louanna,1,Kaiser Permanente
4810,Ninnetta,Rebecka,2,Kaiser Permanente
4245,Sabina,Juliet,4,UnitedHealth Group
3837,Amalie,Freddi,1,UnitedHealth Group
6785,Cecile,Lia,3,UnitedHealth Group
9266,Sue,Lubin,4,Centene
6256,Di,Gerge,1,Kaiser Permanente
7373,Oralee,Pandolfi,1,Centene
7110,Wileen,Zetta,3,Kaiser Permanente
4093,Flo,McCutcheon,1,Kaiser Permanente
8256,Molli,Hoban,4,Anthem
4431,Mariann,Zola,4,Anthem
7972,Elka,Brackely,1,Centene
2751,Lory,Orelee,1,UnitedHealth Group
5327,Ileana,Clara,4,UnitedHealth Group
2421,Allyce,Hamil,3,Centene
7405,Renie,Olympium,2,Kaiser Permanente
5300,Laure,Alarise,3,UnitedHealth Group
1243,Elsie,Allys,4,Centene
5678,Cherilyn,Gibbeon,4,Centene
7415,Caritta,Shuler,3,Centene
6264,Laurene,Xerxes,1,Anthem
1101,Tonia,Gualtiero,2,Centene
6890,Ofilia,Smitt,1,UnitedHealth Group
9696,Marika,Lipson,3,Centene
2713,Daphne,Chandler,2,UnitedHealth Group
6282,Stacey,Greenwald,1,Anthem
3122,Jackie,Yam,3,UnitedHealth Group
2451,Minne,Doig,1,Anthem
9958,Orelia,Wareing,4,Centene
9279,Giustina,Gilmour,1,Kaiser Permanente
9565,Luci,Glenden,2,Centene
3987,Christal,Luhe,3,Anthem
5978,Patricia,Hourigan,1,Kaiser Permanente
8247,Kimmy,Katrine,3,Anthem
6737,Jany,Rillings,3,Anthem
6453,Starla,Frodi,2,Kaiser Permanente
9206,Hannis,Sholley,1,Anthem
5057,Gianina,Ricki,1,Kaiser Permanente
8536,Gusella,Jefferey,3,Anthem
3139,Kristan,Seagraves,4,Kaiser Permanente
5962,Dulcinea,Ahab,4,Kaiser Permanente
9101,Myriam,Kunin,4,Kaiser Permanente
9850,Desirae,Corrine,2,UnitedHealth Group
8059,Felice,Connelly,4,Anthem
2489,Anallese,Norvol,2,Anthem
2558,Jordan,Yam,2,UnitedHealth Group
2752,Hollie,Kravits,3,UnitedHealth Group
9908,Paola,Saint,4,Centene
4989,Karena,Orlene,1,Centene
2901,Brena,Terrence,3,Centene
6290,Cecile,Brieta,2,Anthem
1749,Jemie,Jorgan,4,Kaiser Permanente
4374,Loree,Montgomery,1,Kaiser Permanente
1930,Deedee,Sharl,3,Centene
1327,Riannon,Elo,3,UnitedHealth Group
7763,Chere,Kamaria,1,Anthem
5353,Merry,Carleen,2,Anthem
6215,Linzy,Faust,1,UnitedHealth Group
4359,Annabela,Helve,3,Centene
6518,Konstance,Whittaker,2,Anthem
5454,Keelia,Bari,3,Centene
2262,Chandra,Fosque,1,Kaiser Permanente
6443,Rayna,Flyn,4,Kaiser Permanente
1975,Christal,Arvo,4,Kaiser Permanente
4751,Christy,Winnick,4,Anthem
9105,Nollie,Ricki,2,Anthem
8673,Imojean,Wilkinson,2,Anthem
3337,Lanae,Mozelle,4,Centene
5117,Sybille,Hurley,1,Kaiser Permanente
6444,Sallie,Amand,4,UnitedHealth Group
7205,Debee,Wilona,2,Anthem
8208,Corry,Cookie,4,Anthem
4371,Rosene,Stoller,4,Kaiser Permanente
5408,Gabriellia,Kronfeld,4,UnitedHealth Group
6896,Merrie,Hazlett,2,Anthem
6248,Darlleen,Jillane,2,Kaiser Permanente
7417,Carree,Phaidra,4,Centene
4770,Ebonee,Hertzfeld,1,Kaiser Permanente
1760,Renie,Linehan,1,Kaiser Permanente
7146,Ekaterina,Presber,4,UnitedHealth Group
5086,Tersina,Yusuk,4,UnitedHealth Group
6648,Nelle,Rosette,3,Centene
9814,Rayna,Burch,2,Anthem
6620,Gertrud,Waldron,4,Kaiser Permanente
9306,Katuscha,Stevy,4,Anthem
2741,Corene,Billye,3,UnitedHealth Group
9408,Ardys,Hoenack,3,UnitedHealth Group
3646,Neila,Sherrie,3,Centene
2880,Jenda,Ehrman,4,UnitedHealth Group
5516,Dominga,Salvidor,1,Anthem
9806,Shaylyn,Federica,4,Kaiser Permanente
9175,Karina,Rozanna,2,Centene
8438,Rhea,Manolo,1,Centene
1230,Binny,Colleen,3,Anthem
5677,Cherrita,Ricki,2,Kaiser Permanente
6905,Doro,Douglass,4,UnitedHealth Group
9388,Harmonia,Berriman,2,UnitedHealth Group
5958,Rhoda,Pernick,2,UnitedHealth Group
8553,Ada,Schenck,1,Centene
3981,Mellicent,Sharl,3,Kaiser Permanente
2529,Riannon,Madox,4,UnitedHealth Group
1313,Bibby,Atonsah,3,Kaiser Permanente
1910,Beverley,Grimbly,3,Anthem
6028,Ellette,Paton,4,Kaiser Permanente
7993,Melina,Izaak,3,UnitedHealth Group
6655,Adriana,Ade,4,Anthem
6750,Constance,Sallyann,1,UnitedHealth Group
8013,Ricky,Fancie,2,Centene
7990,Goldie,Hepsibah,2,Kaiser Permanente
8957,Althea,Moina,4,Anthem
6044,Gabi,Odell,1,UnitedHealth Group
1306,Ardenia,Codding,3,UnitedHealth Group
5414,Clary,Edvard,4,Kaiser Permanente
6700,Rani,Soneson,1,Centene
3041,Dennie,Sprage,4,Kaiser Permanente
5437,Florie,Breed,1,Kaiser Permanente
6179,Jacenta,Grimbly,4,Kaiser Permanente
2405,Mignon,Kazimir,1,Anthem
1563,Pierette,Annabella,4,Centene
9505,Marcelline,Dermott,2,Anthem
9951,Emmey,Rocray,4,UnitedHealth Group
1875,Yvonne,Dichy,3,Centene
9847,Candy,Zamora,1,Kaiser Permanente
9475,Dominga,Kare,3,Kaiser Permanente
6404,Diena,Wiener,3,Kaiser Permanente
9766,Renae,Slifka,2,UnitedHealth Group
5128,Maye,Christal,3,UnitedHealth Group
8545,Basia,Gower,4,Centene
3629,Ida,Urania,2,UnitedHealth Group
1926,Lorie,Darbie,1,UnitedHealth Group
9856,Susette,Burch,2,UnitedHealth Group
2005,Blondelle,Letsou,4,Kaiser Permanente
6480,June,Leffen,3,Anthem
4473,Arlina,Kirbee,3,Anthem
4864,Oralee,Yoko,2,Anthem
4966,Kayla,Bohlin,1,Anthem
6075,Edee,Anderea,4,Anthem
2036,Cacilie,Leopold,3,Anthem
7678,Tera,Rossner,4,Kaiser Permanente
2472,Shirlee,Nea,2,Centene
9301,Mariann,Sabella,3,Centene
1373,Shell,Rogerio,3,Centene
9661,Morganica,Terencio,4,Centene
9493,Brietta,Kylander,4,Anthem
4129,Kathy,Merell,4,Kaiser Permanente
7565,Hope,Beebe,3,Centene
9057,Carree,Parette,4,Centene
1542,Nonnah,Holbrook,3,UnitedHealth Group
6375,Brana,Gower,1,Anthem
4766,Katleen,Quinn,3,Kaiser Permanente
5741,Ashlee,Seligman,4,UnitedHealth Group
9526,Siana,Maiah,4,Kaiser Permanente
8975,Melodie,Bryna,2,Kaiser Permanente
3435,Melisent,Gert,1,Centene
1562,Dorthy,Verger,1,Kaiser Permanente
8163,Jsandye,Adalbert,3,UnitedHealth Group
7923,Lanae,Suk,2,Kaiser Permanente
1240,Shell,Manolo,2,Kaiser Permanente
4182,Jacquetta,Hamil,1,Anthem
4601,Patricia,Anselmi,3,Anthem
3942,Sheelagh,Gerge,2,Anthem
4390,Shandie,Lacombe,1,Centene
4830,Christy,Marcellus,3,Anthem
9441,Sheree,Mike,3,Centene
6084,Deane,Schlosser,1,UnitedHealth Group
8582,Marleah,Shaddock,1,Centene
9023,Rivalee,Uird,4,Centene
3415,Addia,Lorain,1,UnitedHealth Group
3859,Mary,Bevin,3,Centene
8696,Lilith,Corabella,4,Centene
1463,Kristina,Calhoun,1,Centene
9252,Zia,Bibi,1,UnitedHealth Group
7397,Malina,Astra,1,Anthem
6356,Barbara,Lemuela,4,UnitedHealth Group
5298,Nicoli,Xerxes,2,Centene
5998,Zia,Seligman,4,UnitedHealth Group
8215,Jessamyn,Neils,1,Kaiser Permanente
6107,Tybie,Berne,1,Centene
6065,Georgetta,Prober,4,Kaiser Permanente
1458,Juliane,Michella,1,Centene
3143,Calla,Libna,4,Kaiser Permanente
3881,Mathilda,Posner,3,Kaiser Permanente
5064,Blinni,Kaete,2,Centene
9190,Dulcinea,Lynn,2,UnitedHealth Group
8994,Katuscha,Winnick,2,UnitedHealth Group
5330,Anica,Palocz,3,Centene
1422,Yolane,Bari,4,Kaiser Permanente
3619,Averyl,Terencio,4,Anthem
3137,Sandie,Mandler,3,Anthem
8003,Wilma,Wildermuth,2,Anthem
4916,Vanessa,Reidar,3,Centene
9667,Alia,Naor,2,Centene
2551,Gui,Palocz,4,UnitedHealth Group
5138,Fina,Codding,4,Kaiser Permanente
2260,Pollyanna,Eachern,3,UnitedHealth Group
7516,Demetris,Margarete,2,Centene
7827,Rani,Angelis,4,Centene
3676,Olivette,Destinee,1,Centene
6618,Lindie,Verger,2,Centene
6697,Ida,Olin,3,UnitedHealth Group
1374,Lelah,Keelia,4,Kaiser Permanente
7129,Basia,Love,3,Anthem
4110,Alyssa,Cristi,2,Centene
9949,Merry,Cloris,2,UnitedHealth Group
5226,Agathe,Melleta,3,UnitedHealth Group
5975,Therine,Bashemeth,2,UnitedHealth Group
3370,Mallory,Hachmin,4,Anthem
3163,Keelia,Jefferey,2,Kaiser Permanente
1663,Myrtice,McClimans,3,Anthem
6635,Tabbatha,Shelba,3,Kaiser Permanente
5265,Fawne,Tatianas,4,Centene
7444,Sabina,Fennessy,3,Anthem
1847,Daune,Andrel,2,Kaiser Permanente
7297,Celene,Carvey,4,Anthem
6813,Sabina,Eugenia,4,Centene
4102,Emelina,Cornelia,3,Anthem
3625,Kirstin,Oscar,4,Kaiser Permanente
9864,Justinn,Alisia,4,Centene
9062,Lyssa,Rustice,3,Centene
8792,Aurelie,Melan,4,Centene
3345,Clo,Malvino,4,Anthem
6984,Chandra,Brotherson,3,Kaiser Permanente
5436,Jean,O'Neill,4,Anthem
6212,Joleen,Uund,3,UnitedHealth Group
1098,Xylina,Hathaway,4,UnitedHealth Group
1369,Jerry,Rona,4,Centene
1762,Elbertina,Urania,1,Kaiser Permanente
1133,Esmeralda,Cassius,1,Kaiser Permanente
4389,Andeee,McCutcheon,3,UnitedHealth Group
8091,Bobinette,Giule,3,Anthem
5628,Lynde,Stephie,1,Centene
8887,Kaia,Alfons,4,UnitedHealth Group
3358,Hildegaard,Peonir,3,Kaiser Permanente
2631,Zondra,Jary,2,Anthem
3405,Ricky,Campball,1,Kaiser Permanente
9120,Cassondra,Garlinda,1,Anthem
6203,Fernande,Septima,3,Kaiser Permanente
9078,Lelah,Carbo,4,UnitedHealth Group
8132,Evita,Trey,4,Centene
7619,Agathe,Carvey,2,Kaiser Permanente
5991,Harrietta,Fillbert,1,Centene
9641,Cristine,Borrell,1,Anthem
7167,Dorthy,Rebecka,4,Centene
3000,Libbie,Hanleigh,4,Anthem
9895,Madeleine,Brandice,1,Anthem
8077,Fred,Faust,4,Anthem
8923,Jsandye,Marlie,4,Anthem
4168,Janenna,Naashom,4,Centene
1833,Tamqrah,Margret,3,Kaiser Permanente
3537,Millie,Dudley,1,Kaiser Permanente
9344,Perry,Sundin,1,Kaiser Permanente
8532,Charissa,Rosette,2,UnitedHealth Group
6517,Rubie,Raimondo,1,Anthem
8542,Marsiella,Chinua,4,Anthem
7320,Jessy,Grimbly,2,Anthem
7231,Ayn,Harl,2,Centene
2966,Nollie,Norvol,2,Kaiser Permanente
5902,Kate,Peti,4,Kaiser Permanente
9495,Madelle,Markman,1,UnitedHealth Group
3952,Vevay,Rodmann,2,Kaiser Permanente
6821,Aigneis,Loring,2,Anthem
6489,Edyth,Japeth,4,Anthem
7336,Correy,Schlosser,2,Kaiser Permanente
6736,Ariela,Alabaster,1,Anthem
4327,Carlie,Elisha,1,Kaiser Permanente
5082,Melodie,Bow,4,UnitedHealth Group
4803,Belva,Allina,3,Centene
8023,Helsa,Autrey,4,Centene
3014,Misha,Ventre,2,Anthem
5984,Aryn,Trey,4,Centene
9607,Dulce,Posner,1,Anthem
9587,Nicoli,Ellord,1,UnitedHealth Group
8634,Aeriela,Wiener,3,Anthem
3119,Edith,Keily,4,Kaiser Permanente
1333,Brooks,Damarra,2,Anthem
2303,Teddie,Marijo,2,Kaiser Permanente
9372,Betta,Naashom,2,Kaiser Permanente
6432,Patricia,Colbert,4,Kaiser Permanente
9086,Morganica,Camden,1,Kaiser Permanente
8649,Cacilie,Ader,1,Anthem
1911,Tarra,Merna,3,Centene
9188,Shirlee,Hull,2,Centene
4507,Carilyn,Ortrude,3,Kaiser Permanente
7967,Candi,Chapland,1,Anthem
9181,Ebonee,Izaak,3,Kaiser Permanente
2027,Meg,Ader,3,Centene
4886,Dale,Peg,4,Centene
5141,Misha,Kathie,4,Centene
1970,Codie,Stanwood,2,Centene
7249,Elka,Margarete,2,Centene
9016,Veda,Rooney,1,UnitedHealth Group
5709,Morganica,Weide,1,Anthem
7095,Kerrin,Jagir,3,Centene
1947,Kate,Hull,4,UnitedHealth Group
5171,Gwyneth,Pierette,2,UnitedHealth Group
5811,Ida,Liebermann,4,Anthem
9612,Rebeca,Leary,3,Kaiser Permanente
6547,Ofilia,Goode,4,Anthem
1780,Jasmina,Tannie,2,Anthem
7821,Janis,Barney,4,UnitedHealth Group
8679,Tarra,Gemini,1,UnitedHealth Group
8412,Hope,Toor,3,Kaiser Permanente
4045,Carlie,Natica,3,Kaiser Permanente
5571,Korrie,Sancho,3,Kaiser Permanente
1904,Alameda,Dex,3,Kaiser Permanente
6687,Damaris,Carri,4,Anthem
2139,Deirdre,Connelly,3,Anthem
2537,Kore,Woodberry,3,Anthem
9430,Fanny,Oscar,4,Kaiser Permanente
5257,Nananne,Wind,1,UnitedHealth Group
1342,Joceline,Phyllis,1,Kaiser Permanente
5262,Rozele,Donell,1,Anthem
1785,Di,Infield,2,Anthem
9950,Aurore,Rurik,4,UnitedHealth Group
1046,Cordi,Nahum,2,Centene
8541,Claresta,Lunsford,2,Centene
1989,Lonnie,Helfand,1,UnitedHealth Group
1033,Almeta,Wiener,2,Anthem
7997,Winny,Dash,1,Anthem
3198,Correy,Gino,2,Anthem
6966,Stephanie,Braun,1,Centene
3545,Tilly,Kirbee,4,Kaiser Permanente
1498,Lucy,Michella,1,UnitedHealth Group
7360,Dulce,Sperling,2,UnitedHealth Group
9247,Briney,Kirstin,3,Centene
3648,Gerianna,Karl,4,Centene
7923,Hettie,Orlene,2,Anthem
8860,Pearline,Hebner,4,UnitedHealth Group
9343,Hollie,Claudine,1,Anthem
9859,Calla,Ivens,1,Centene
4191,Merle,Zeeba,2,Kaiser Permanente
3174,Sheree,Halla,1,Anthem
9368,Jobi,Izaak,4,Centene
7662,Tori,Jenness,4,Centene
4527,Joceline,Ingra,1,UnitedHealth Group
3147,Malina,Gower,1,UnitedHealth Group
7998,Hayley,Wu,2,Kaiser Permanente
8266,Kial,Janene,2,Kaiser Permanente
1477,Wileen,Kress,2,Anthem
6171,Luci,Anis,4,UnitedHealth Group
8726,Rani,Dimitris,1,Centene
3940,Mureil,Erlandson,4,Kaiser Permanente
5658,Celene,Fax,4,Centene
3308,Gwenneth,Darrell,4,Centene
9565,Zsa Zsa,Vale,4,Anthem
8257,Ann-Marie,Kat,1,Centene
7471,Ardenia,Kauppi,4,Anthem
4863,Hyacinthe,Salvidor,2,Centene
3950,Shaylyn,Iiette,4,UnitedHealth Group
4423,Ernesta,Levey,2,Kaiser Permanente
2251,Sophia,Bari,4,Anthem
9755,Dania,Soneson,1,Anthem
6619,Gusty,Wind,4,Anthem
8809,Shaylyn,Longfellow,4,UnitedHealth Group
1558,Shell,Oster,4,Anthem
9730,Ardenia,Erminia,2,UnitedHealth Group
5533,Ekaterina,Macey,2,Anthem
1841,Annecorinne,Jerald,2,Kaiser Permanente
7005,Drucie,Annabella,4,Kaiser Permanente
6046,Gilda,Linskey,4,Kaiser Permanente
3744,Liana,Kalinda,4,Kaiser Permanente
2538,Elora,Nicoline,2,Anthem
6418,Yolane,Dex,1,Anthem
5971,Kaia,Anderea,3,Centene
2757,Rivalee,Bach,3,UnitedHealth Group
9146,Andeee,Ursulette,4,Centene
2017,Roslyn,Gibbeon,3,Kaiser Permanente
9816,Beatriz,Rolf,4,Anthem
6704,Karolina,Weinreb,4,UnitedHealth Group
3822,Riannon,Merna,3,Kaiser Permanente
2963,Marita,Hathaway,2,Kaiser Permanente
2111,Paule,Nance,1,Centene
4633,Madelle,Abram,4,Kaiser Permanente
2753,Teriann,Bevin,1,Kaiser Permanente
5155,Damaris,Ambrosia,2,Anthem
5023,Brynna,Himelman,4,Centene
9299,Kassey,Cecile,1,Centene
7933,Aeriela,Lipson,1,Anthem
3065,Sheelagh,Stanwood,4,Centene
6419,Justinn,Kendrick,1,Anthem
1961,Caressa,Vivle,4,Kaiser Permanente
6775,Fina,Tannie,4,Centene
9408,June,Cressida,3,Centene
6369,Allis,Burkle,2,Kaiser Permanente
2598,Sandie,Ricki,3,Centene
9268,Nerta,Maribeth,3,Kaiser Permanente
5475,Brana,Ingra,4,Kaiser Permanente
8059,Konstance,Fairweather,3,UnitedHealth Group
1937,Giustina,Orpah,4,Centene
3769,Celisse,Hunfredo,4,Centene
9618,Jsandye,Holtz,3,UnitedHealth Group
3193,Augustine,Honoria,3,Kaiser Permanente
9873,Violet,MacIntosh,1,Kaiser Permanente
7034,Lila,Dominy,2,Anthem
2906,Caressa,Mendez,1,Anthem
8160,Basia,Henebry,3,Centene
7507,Layla,Wyn,3,Centene
7067,Maisey,Ephrem,3,Centene
1037,Fayre,Gillan,4,Kaiser Permanente
2026,Beverley,Rillings,4,Kaiser Permanente
7874,Cherrita,Clywd,4,Kaiser Permanente
5913,Hayley,Beebe,4,Centene
8611,Roberta,Allina,3,UnitedHealth Group
3659,Fawne,Shaddock,3,UnitedHealth Group
9506,Nyssa,Adlare,3,UnitedHealth Group
2020,Rosanne,Rebecka,3,UnitedHealth Group
5337,Charlena,Stanwood,3,UnitedHealth Group
5848,Fayre,Wesle,2,Kaiser Permanente
1956,Caryl,Sabella,3,Kaiser Permanente
2244,Raquela,Noman,1,Centene
8221,Damaris,Yerkovich,1,UnitedHealth Group
1807,Ulrike,Dorine,1,Kaiser Permanente
9092,Amara,Joni,2,Centene
5627,Elmira,Swanhildas,2,UnitedHealth Group
6019,Katharina,Annice,4,Centene
6133,Roz,Schalles,4,UnitedHealth Group
4361,Dawn,Urias,2,Centene
1086,Edyth,Trinetta,2,Kaiser Permanente
1669,Dolli,Swanhildas,3,Centene
9829,Alex,Christine,4,UnitedHealth Group
8023,Alyda,Hoban,1,Kaiser Permanente
5131,Korrie,Mallon,3,Anthem
4211,Laurene,Pelagias,3,Anthem
3377,Cathyleen,Miru,3,Centene
9660,Lesly,Israeli,2,UnitedHealth Group
1136,Darlleen,Decato,2,Anthem
4591,Ilse,Moseley,2,Centene
6632,Margette,Rogerio,3,Anthem
1211,Robbi,Valerio,3,Kaiser Permanente
4952,Vere,Schroth,4,Anthem
6462,Merry,Oriana,2,Kaiser Permanente
8611,Louella,Goerke,2,Anthem
5426,Zaria,Lissi,2,Anthem
2399,Allis,Ioab,2,Centene
3823,Gaylene,Thilda,2,UnitedHealth Group
7872,Dale,Raama,2,Kaiser Permanente
5287,Madeleine,Anselmi,1,Anthem
7515,Stacey,Avi,4,Kaiser Permanente
6339,Tiffie,Ochs,1,Anthem
5773,Rosene,Sancho,3,Kaiser Permanente
5090,Riannon,Juliet,3,Centene
5473,Carmela,Kristi,4,UnitedHealth Group
5290,Cyb,Stilwell,4,UnitedHealth Group
3816,Leeanne,Erlandson,1,Centene
9659,Nessie,Sherrie,4,Centene
5449,Augustine,Wolfgram,2,UnitedHealth Group
5352,Nadine,August,1,Centene
9734,Aryn,Graig,2,UnitedHealth Group
5383,Catharine,Anderea,2,UnitedHealth Group
4971,Brana,Zrike,4,Kaiser Permanente
5360,Dorene,Caitlin,2,Centene
5643,Marika,Adamsen,2,Centene
9728,Shaine,McCutcheon,4,Centene
3160,Lynea,Bakerman,1,UnitedHealth Group
6470,Pollyanna,Michella,1,Kaiser Permanente
3580,Calla,Anyah,1,Anthem
3969,Jaclyn,Zaslow,2,UnitedHealth Group
2458,Janenna,Avi,4,UnitedHealth Group
6541,Shandie,Margarete,2,Centene
6747,Andree,Ammann,4,Centene
6761,Elora,Georas,3,UnitedHealth Group
1029,Christian,Urias,1,Kaiser Permanente
6242,Myriam,Alfons,3,Centene
2316,Angela,Christine,1,UnitedHealth Group
3086,Alisha,Borrell,1,Centene
1615,Lelah,Winnick,2,Centene
6508,Stephanie,Concha,1,Kaiser Permanente
1693,Netty,Bendick,2,Centene
6235,Almeta,Erminia,1,UnitedHealth Group
7238,Rosabelle,Marcellus,2,Anthem
1933,Rani,Brian,1,Kaiser Permanente
3777,Juliane,Imelida,2,Kaiser Permanente
8034,Claresta,Carleen,3,UnitedHealth Group
6882,Drucie,Percy,4,Centene
6804,Bertine,Socha,2,UnitedHealth Group
5394,Elfreda,Parsaye,4,Centene
3926,Taffy,Dalli,1,Kaiser Permanente
4756,Kirbee,Rolf,2,Kaiser Permanente
2909,Tera,Solitta,2,Kaiser Permanente
4241,Halette,Karl,2,Centene
4674,Andree,Valerio,1,UnitedHealth Group
9353,Aryn,Idelia,2,Centene
6278,Jinny,Papageno,2,UnitedHealth Group
8410,Sharai,Mayeda,3,UnitedHealth Group
8391,Damaris,Haerr,4,Anthem
9092,Madalyn,Lesley,4,UnitedHealth Group
8098,Cyndie,Nadia,4,Anthem
2297,Lorenza,Ahab,1,UnitedHealth Group
6094,Malina,Valoniah,3,Anthem
5724,Karena,Ortrude,2,Centene
5948,Kalina,Frodi,3,Kaiser Permanente
2069,Jerry,Lauraine,1,Anthem
4308,Cathie,Quent,1,Kaiser Permanente
8608,Dania,Uund,3,Kaiser Permanente
5128,Caressa,Jacobah,1,Kaiser Permanente
1424,Elka,Koehler,2,UnitedHealth Group
3209,Blinni,Bivins,3,Anthem
1208,Rozele,Montgomery,3,Anthem
8477,Modestia,Concha,2,Kaiser Permanente
2535,Codie,Marsden,2,UnitedHealth Group
4603,Aeriela,Quinn,3,Centene
5503,Charlena,Chabot,1,Kaiser Permanente
9421,Bernardine,Alejoa,1,Anthem
5603,Valeda,Ciro,4,UnitedHealth Group
9134,Bee,Briney,1,Kaiser Permanente
1937,Deirdre,Chabot,1,Kaiser Permanente
3838,Collen,Rocray,2,Centene
1556,Madalyn,Kesley,1,Anthem
8579,Ariela,Tayib,1,Centene
9116,Merrie,Auberbach,4,UnitedHealth Group
7346,Vinita,Munn,3,Centene
4594,Binny,Dichy,4,Anthem
9736,Inga,Baptlsta,2,UnitedHealth Group
4104,Wileen,Abram,4,Kaiser Permanente
8516,Clarice,Goldina,2,Anthem
1013,Marinna,Lutero,3,UnitedHealth Group
4125,Larine,Meter,3,Kaiser Permanente
9497,Netty,Donoghue,1,Anthem
5296,Donetta,Sallyann,2,Kaiser Permanente
4592,Sam,Odysseus,2,UnitedHealth Group
9894,Taffy,Rosemary,3,Kaiser Permanente
6110,Annecorinne,Levey,2,UnitedHealth Group
7855,Odessa,Pauly,3,Kaiser Permanente
4154,Tobe,Prouty,3,Centene
3299,Linzy,Turne,4,Kaiser Permanente
9734,Nyssa,Hillel,2,Centene
5709,Shaylyn,Ophelia,1,Kaiser Permanente
3285,Renae,Pitt,2,Anthem
6969,Diena,Chrystel,3,Kaiser Permanente
7690,Mahalia,Anestassia,1,UnitedHealth Group
6765,Hermione,Francene,2,Centene
5550,Christal,Wiener,2,Anthem
8805,Marguerite,Odysseus,3,Kaiser Permanente
7273,Roslyn,Hebner,1,Kaiser Permanente
5878,Alex,Nisbet,2,Kaiser Permanente
6646,Mara,Brotherson,3,Anthem
1179,Marsiella,Vivle,3,Kaiser Permanente
6882,Gianina,Wu,2,Centene
5767,Binny,Reneta,4,UnitedHealth Group
4438,Nessie,Darian,2,Centene
3429,Aaren,Merell,2,Centene
1447,Corene,Percy,3,Kaiser Permanente
2217,Tina,Emmaline,2,Kaiser Permanente
6916,Roslyn,Kesley,4,UnitedHealth Group
1078,Loree,Olnee,1,UnitedHealth Group
8500,Taffy,Raseda,2,Centene
8748,Eolanda,Teryn,1,Kaiser Permanente
5666,Elyssa,Pyle,3,Centene
1347,Fanchon,Sallyann,3,UnitedHealth Group
6536,Eve,Chobot,3,Centene
3727,Zondra,Hoenack,2,Anthem
1310,Teriann,Denis,1,Anthem
3525,Emmey,Sabella,4,UnitedHealth Group
4247,Kirstin,Bari,4,Anthem
7546,Elmira,Fancie,1,Centene
4309,Ida,Giule,3,UnitedHealth Group
1056,Laure,Carbo,3,Anthem
6928,Kelly,Genna,4,Centene
3344,Kirbee,Durante,4,UnitedHealth Group
3484,Adele,Angelis,4,Kaiser Permanente
4352,Phylis,Lorain,4,UnitedHealth Group
2355,Lanae,Moseley,4,UnitedHealth Group
8286,Robbi,Lytton,1,UnitedHealth Group
5596,Arabel,Loleta,2,Kaiser Permanente
8742,Penelopa,Charity,4,Centene
8040,Flory,Breed,1,Centene
1729,Trudie,Atonsah,4,Centene
6974,Pierette,Moina,4,Centene
1148,Shaylyn,Orpah,2,Kaiser Permanente
5948,Ronna,Mott,2,Anthem
5495,Linzy,Hirsch,2,Anthem
5887,Magdalena,Bigner,1,Kaiser Permanente
1935,Lizzie,Tybald,2,Centene
2386,Ekaterina,Lilas,2,Centene
1804,Kimberley,Bevin,4,Anthem
8543,Harmonia,Iiette,1,Centene
9213,Gerrie,Romelda,2,UnitedHealth Group
4423,Frank,Berriman,1,Anthem
5181,Clary,Vivle,4,Kaiser Permanente
5311,Corene,Quinn,1,Kaiser Permanente
8600,Christal,Sinegold,1,Centene
4334,Corene,Colp,3,Anthem
6035,Aaren,Tice,3,Kaiser Permanente
5558,Randa,Kermit,3,Kaiser Permanente
7357,Tomasina,Oneida,1,Centene
9034,Claudina,Rocray,3,UnitedHealth Group
7666,Tonia,Lynn,4,UnitedHealth Group
9120,Adore,Florina,3,UnitedHealth Group
9625,Caritta,Crudden,2,Kaiser Permanente
9583,Amalie,Vacuva,4,Kaiser Permanente
7177,Kirstin,Lunsford,1,Kaiser Permanente
9856,Priscilla,Chobot,2,UnitedHealth Group
6606,Aurelie,Hubert,4,Anthem
4549,Tierney,Cookie,3,Anthem
9086,Tabbatha,Bluh,1,Anthem
9371,Lizzie,Lemuela,2,Centene
7265,Collen,Aida,3,UnitedHealth Group
9921,Aurore,Trey,2,Centene
9527,Viki,Gale,1,Anthem
4527,Deirdre,Eachern,4,Centene
7924,Kenna,Oriana,4,Kaiser Permanente
7057,Tamqrah,Zetta,1,UnitedHealth Group
9328,Donetta,Braun,3,Anthem
6037,Libbie,Sabella,2,Anthem
1804,Vinita,Decato,1,UnitedHealth Group
1151,Robinia,Abbot,2,Kaiser Permanente
4191,Di,Lunsford,3,Anthem
1845,Clementine,Christal,4,UnitedHealth Group
6672,Aurelie,Saunderson,2,Centene
1445,Alyssa,Saint,1,Anthem
9045,Alyda,Gaal,3,UnitedHealth Group
3709,Gerianna,Garbe,1,Anthem
4965,Renie,Amadas,4,Kaiser Permanente
6460,Sharai,Lacombe,2,UnitedHealth Group
4664,Angelique,Infield,1,Anthem
1443,Sybille,Carey,4,Kaiser Permanente
4491,Siana,Amadas,2,Centene
9872,Nannie,Hepsibah,3,UnitedHealth Group
4690,Danika,Saunderson,2,Kaiser Permanente
2929,Raina,Natalia,2,Anthem
1312,Caryl,Ehrman,1,Centene
3292,Suzette,Afton,3,UnitedHealth Group
5988,Candy,Irmine,3,Centene
6722,Keelia,Hazlett,4,Centene
8227,Ashlee,Judye,2,UnitedHealth Group
9784,Theodora,Persse,2,UnitedHealth Group
8371,Heddie,Aprile,4,Kaiser Permanente
8104,Gui,Hanleigh,1,Kaiser Permanente
1146,Angela,Cimbura,2,Centene
9932,Kirstin,Ruvolo,4,Kaiser Permanente
8747,Katuscha,Lynn,4,Kaiser Permanente
5891,Sean,Lauraine,1,Kaiser Permanente
5234,Lulita,Serilda,3,Kaiser Permanente
8289,Sophia,Bartlett,2,Anthem
7142,Talya,Philoo,4,Kaiser Permanente
7387,Florie,Markman,3,Anthem
1739,Christy,Liebermann,4,UnitedHealth Group
4883,Alisha,Dyche,4,Centene
4755,Tori,Karylin,1,Anthem
3365,Kary,Land,3,Centene
4261,Hannis,Ralfston,4,UnitedHealth Group
5234,Beverley,Marsden,1,Centene
1141,Consuela,Arley,3,UnitedHealth Group
9304,Annora,Mott,3,Anthem
4019,Queenie,Faro,2,UnitedHealth Group
6815,Fanchon,Kat,1,Centene
3602,Sibella,Tjon,4,Centene
6482,Correy,Wildermuth,3,Centene
1862,Gilligan,Stuart,2,UnitedHealth Group
2917,Nelle,Cleo,1,Centene
4052,Darlleen,Thornburg,3,Kaiser Permanente
6200,Henriette,Cutlerr,3,Anthem
3231,Silvana,Afton,2,Centene
8895,Joeann,Trinetta,3,Kaiser Permanente
4535,Shannah,Cressida,3,Centene
6519,Flory,Carri,3,Anthem
2553,Vevay,Saint,1,Centene
2360,Estell,Erskine,3,Anthem
4558,Deane,Norrie,3,Kaiser Permanente
5480,Esmeralda,Calhoun,1,Centene
8839,Taffy,Elo,2,Anthem
6690,Rori,Latini,1,Centene
1577,Penelopa,Marisa,2,Anthem
8356,Roxane,Decato,2,Centene
6545,Vita,Autrey,1,UnitedHealth Group
9844,Jordan,Eliathas,2,UnitedHealth Group
9794,Margalo,Mehalek,2,UnitedHealth Group
9923,Mariele,Lenny,2,Anthem
1721,Justinn,Pattin,1,UnitedHealth Group
4841,Dulce,Nance,3,UnitedHealth Group
1885,Philis,Baudin,3,Anthem
3416,Karina,Euridice,4,Anthem
4182,Constance,Friede,2,UnitedHealth Group
7133,Livvyy,Anestassia,2,Centene
7525,Brena,Garlinda,1,Kaiser Permanente
4467,Marita,Artie,4,Kaiser Permanente
9285,Aaren,Ax,2,Centene
2501,Lynea,Mandler,1,Kaiser Permanente
6062,Allyce,Hull,2,UnitedHealth Group
1076,Frieda,Loleta,2,Centene
8280,Isa,Seligman,4,Centene
7400,Amelia,Leonard,3,Kaiser Permanente
2533,Cathie,Rudolph,1,UnitedHealth Group
5656,Debee,Ries,2,Centene
3555,Dione,Hubert,2,UnitedHealth Group
3221,Zondra,Christine,4,Kaiser Permanente
3785,Eolanda,Lymann,3,Anthem
5503,Willetta,Percy,1,Centene
3484,Winifred,Zenas,4,Kaiser Permanente
8882,Lacie,Nerita,3,Anthem
8595,Chere,Rocray,1,Anthem
8295,Emylee,Niles,2,Centene
4728,Pamella,Lumbard,1,Anthem
3894,Riannon,Shaver,3,Kaiser Permanente
3715,Kassey,Daveta,2,Kaiser Permanente
4511,Nickie,Randene,4,Kaiser Permanente
4383,Lelah,Lymann,1,Kaiser Permanente
8343,Ethel,Blake,2,UnitedHealth Group
6416,Cindelyn,Xerxes,4,Kaiser Permanente
6248,Ardeen,Marsden,4,UnitedHealth Group
8772,Susette,Bow,3,Kaiser Permanente
4778,Isa,Nahum,2,Anthem
9023,Carree,Johanna,2,Anthem
6605,Oona,Bakerman,1,Anthem
9987,Jacenta,Fennessy,2,Kaiser Permanente
5577,Agathe,Dudley,1,Kaiser Permanente
4579,Lita,Gerge,1,UnitedHealth Group
7857,Gui,Daniele,3,UnitedHealth Group
9392,Gilda,Gabrielli,1,UnitedHealth Group
4941,Luci,Braun,2,Anthem
9958,Jean,Nerita,3,UnitedHealth Group
7336,Binny,Valoniah,3,Anthem
9906,Zia,Hirsch,1,Kaiser Permanente